polynomial,polynomial_reconstructed,factors,term_0,term_1,term_2,term_3,term_4,gcd,zero_terms,galois_group,discriminant
x^5 - 16*x^4 + 25*x^3 + 16*x^2 - 10*x + 1,(34650)*x^4 + (-62841)*x^3 + (-35082)*x^2 + (23139)*x^1 + (-2316),(34650) * (x^4 - 20947/11550*x^3 - 1949/1925*x^2 + 2571/3850*x - 386/5775),34650,-62841,-35082,23139,-2316,3,0,F(5),4728079593
x^5 - 15*x^4 - 9*x^3 + 19*x^2 + 9*x + 1,(59229)*x^4 + (29828)*x^3 + (-73017)*x^2 + (-33876)*x^1 + (-3739),(59229) * (x^4 + 29828/59229*x^3 - 8113/6581*x^2 - 3764/6581*x - 3739/59229),59229,29828,-73017,-33876,-3739,1,0,F(5),2382032
x^5 - 11*x^4 + 22*x^3 + 6*x^2 - 7*x + 1,(2976)*x^4 + (-7692)*x^3 + (-996)*x^2 + (1932)*x^1 + (-284),(2976) * (x^4 - 641/248*x^3 - 83/248*x^2 + 161/248*x - 71/744),2976,-7692,-996,1932,-284,4,0,F(5),59168000
x^5 - 10*x^4 + 16*x^3 + 25*x^2 - 16*x + 1,(1764)*x^4 + (-4605)*x^3 + (-1881)*x^2 + (1980)*x^1 + (21),(1764) * (x^4 - 1535/588*x^3 - 209/196*x^2 + 55/49*x + 1/84),1764,-4605,-1881,1980,21,3,0,F(5),4728079593
x^5 - 10*x^4 + 25*x^3 + 10*x^2 + 5*x + 1,(-675)*x^4 + (2325)*x^3 + (675)*x^2 + (225)*x^1 + (75),(-675) * (x^4 - 31/9*x^3 - x^2 - 1/3*x - 1/9),-675,2325,675,225,75,75,0,F(5),91378125
x^5 - 9*x^4 + 18*x^3 + 14*x^2 + 5*x + 1,(-264)*x^4 + (722)*x^3 + (450)*x^2 + (54)*x^1 + (14),(-264) * (x^4 - 361/132*x^3 - 75/44*x^2 - 9/44*x - 7/132),-264,722,450,54,14,2,0,F(5),7909200
x^5 - 8*x^4 - 25*x^3 - 10*x^2 + 3*x + 1,(15031)*x^4 + (36583)*x^3 + (13873)*x^2 + (-4145)*x^1 + (-1353),(15031) * (x^4 + 36583/15031*x^3 + 13873/15031*x^2 - 4145/15031*x - 1353/15031),15031,36583,13873,-4145,-1353,1,0,F(5),227381317
x^5 - 8*x^4 - 11*x^3 + 6*x^2 + 6*x + 1,(7722)*x^4 + (8639)*x^3 + (-5190)*x^2 + (-4869)*x^1 + (-798),(7722) * (x^4 + 8639/7722*x^3 - 865/1287*x^2 - 541/858*x - 133/1287),7722,8639,-5190,-4869,-798,1,0,F(5),6725897
x^5 - 7*x^4 - 9*x^3 + 17*x^2 + 9*x + 1,(4081)*x^4 + (3102)*x^3 + (-7931)*x^2 + (-3982)*x^1 + (-429),(4081) * (x^4 + 282/371*x^3 - 103/53*x^2 - 362/371*x - 39/371),4081,3102,-7931,-3982,-429,11,0,F(5),117128000
x^5 - 7*x^4 + 6*x^3 + 22*x^2 - 11*x + 1,(316)*x^4 + (-1108)*x^3 + (1084)*x^2 + (-332)*x^1 + (56),(316) * (x^4 - 277/79*x^3 + 271/79*x^2 - 83/79*x + 14/79),316,-1108,1084,-332,56,4,0,F(5),59168000
x^5 - 7*x^4 + 11*x^3 + 7*x^2 - x + 1,(-89)*x^4 + (122)*x^3 + (339)*x^2 + (-132)*x^1 + (1),(-89) * (x^4 - 122/89*x^3 - 339/89*x^2 + 132/89*x - 1/89),-89,122,339,-132,1,1,0,F(5),5618000
x^5 - 7*x^4 + 14*x^3 - 2*x^2 - 3*x + 1,(-116)*x^4 + (276)*x^3 + (148)*x^2 + (-212)*x^1 + (48),(-116) * (x^4 - 69/29*x^3 - 37/29*x^2 + 53/29*x - 12/29),-116,276,148,-212,48,4,0,F(5),562432
x^5 - 7*x^4 + 16*x^3 - 8*x^2 - x + 1,(-144)*x^4 + (462)*x^3 + (-126)*x^2 + (-162)*x^1 + (66),(-144) * (x^4 - 77/24*x^3 + 7/8*x^2 + 9/8*x - 11/24),-144,462,-126,-162,66,6,0,F(5),162000
x^5 - 7*x^4 + 19*x^3 - 5*x^2 - x + 1,(-585)*x^4 + (2622)*x^3 + (-585)*x^2 + (-288)*x^1 + (165),(-585) * (x^4 - 874/195*x^3 + x^2 + 32/65*x - 11/39),-585,2622,-585,-288,165,3,0,F(5),31608144
x^5 - 7*x^4 + 21*x^3 - 23*x^2 + 9*x + 1,(-149)*x^4 + (892)*x^3 + (-1021)*x^2 + (188)*x^1 + (211),(-149) * (x^4 - 892/149*x^3 + 1021/149*x^2 - 188/149*x - 211/149),-149,892,-1021,188,211,1,0,F(5),9522000
x^5 - 6*x^4 - 18*x^3 + 12*x^2 + 8*x + 1,(5280)*x^4 + (8951)*x^3 + (-6822)*x^2 + (-4266)*x^1 + (-524),(5280) * (x^4 + 8951/5280*x^3 - 1137/880*x^2 - 711/880*x - 131/1320),5280,8951,-6822,-4266,-524,1,0,F(5),11122069
x^5 - 5*x^4 - 20*x^3 + 5*x + 1,(4650)*x^4 + (10650)*x^3 + (-150)*x^2 + (-2550)*x^1 + (-500),(4650) * (x^4 + 71/31*x^3 - 1/31*x^2 - 17/31*x - 10/93),4650,10650,-150,-2550,-500,50,0,F(5),2450000
x^5 - 5*x^4 + 20*x^2 - 5*x + 1,(100)*x^4 + (-700)*x^3 + (1300)*x^2 + (-300)*x^1 + (0),(100) * (x - 3) * x * (x^2 - 4*x + 1),100,-700,1300,-300,0,100,1,F(5),800000
x^5 - 5*x^4 + 6*x^3 + 22*x^2 + 13*x + 1,(-836)*x^4 + (1434)*x^3 + (4074)*x^2 + (2454)*x^1 + (274),(-836) * (x^4 - 717/418*x^3 - 2037/418*x^2 - 1227/418*x - 137/418),-836,1434,4074,2454,274,2,0,F(5),84399952
x^5 - 5*x^4 + 10*x^3 - 10*x^2 + 5*x + 1,(0)*x^4 + (-50)*x^3 + (150)*x^2 + (-150)*x^1 + (50),(-50) * (x - 1)^3,0,-50,150,-150,50,50,1,F(5),50000
x^5 - 5*x^4 + 15*x^3 - 25*x^2 + 25*x + 1,(25)*x^4 + (-400)*x^3 + (1075)*x^2 + (-1350)*x^1 + (675),(25) * (x^4 - 16*x^3 + 43*x^2 - 54*x + 27),25,-400,1075,-1350,675,25,0,F(5),68450000
x^5 - 5*x^4 + 20*x^3 - 4*x^2 + x + 1,(-170)*x^4 + (4650)*x^3 + (-886)*x^2 + (114)*x^1 + (256),(-170) * (x^4 - 465/17*x^3 + 443/85*x^2 - 57/85*x - 128/85),-170,4650,-886,114,256,2,0,F(5),192944592
x^5 - 5*x^4 + 20*x^3 - 5*x + 1,(-200)*x^4 + (5300)*x^3 + (100)*x^2 + (-1500)*x^1 + (300),(-200) * (x^4 - 53/2*x^3 - 1/2*x^2 + 15/2*x - 3/2),-200,5300,100,-1500,300,100,0,F(5),800000
x^5 - 3*x^4 - 5*x^3 + 15*x^2 + 8*x + 1,(16)*x^4 + (-457)*x^3 + (653)*x^2 + (400)*x^1 + (52),(16) * (x^4 - 457/16*x^3 + 653/16*x^2 + 25*x + 13/4),16,-457,653,400,52,1,0,F(5),44217
x^5 - 3*x^4 - 2*x^3 + 14*x^2 - 7*x + 1,(40)*x^4 + (-532)*x^3 + (1172)*x^2 + (-524)*x^1 + (68),(40) * (x^4 - 133/10*x^3 + 293/10*x^2 - 131/10*x + 17/10),40,-532,1172,-524,68,4,0,F(5),562432
x^5 - 3*x^4 + 2*x^3 - 8*x^2 + 17*x + 1,(-104)*x^4 + (206)*x^3 + (526)*x^2 + (-1294)*x^1 + (246),(-104) * (x^4 - 103/52*x^3 - 263/52*x^2 + 647/52*x - 123/52),-104,206,526,-1294,246,2,0,F(5),23762000
x^5 - 3*x^4 + 2*x^3 + 2*x^2 + 23*x + 1,(-374)*x^4 + (482)*x^3 + (-86)*x^2 + (326)*x^1 + (536),(-374) * (x^4 - 241/187*x^3 + 43/187*x^2 - 163/187*x - 268/187),-374,482,-86,326,536,2,0,F(5),1908366928
x^5 - 3*x^4 + 11*x^3 - 25*x^2 + 19*x + 1,(235)*x^4 + (-1546)*x^3 + (3083)*x^2 + (-2344)*x^1 + (341),(235) * (x^4 - 1546/235*x^3 + 3083/235*x^2 - 2344/235*x + 341/235),235,-1546,3083,-2344,341,1,0,F(5),130800592
x^5 - 3*x^4 + 19*x^3 - 15*x^2 + 14*x + 1,(730)*x^4 + (803)*x^3 + (-805)*x^2 + (820)*x^1 + (322),(730) * (x^4 + 11/10*x^3 - 161/146*x^2 + 82/73*x + 161/365),730,803,-805,820,322,1,0,F(5),2318783697
x^5 - 3*x^4 + 22*x^3 + 12*x^2 + 17*x + 1,(556)*x^4 + (8606)*x^3 + (4406)*x^2 + (5746)*x^1 + (586),(556) * (x^4 + 4303/278*x^3 + 2203/278*x^2 + 2873/278*x + 293/278),556,8606,4406,5746,586,2,0,F(5),17111250000
x^5 - 2*x^4 + 6*x^3 + 2*x^2 + 4*x + 1,(-44)*x^4 + (407)*x^3 + (154)*x^2 + (198)*x^1 + (66),(-44) * (x^4 - 37/4*x^3 - 7/2*x^2 - 9/2*x - 3/2),-44,407,154,198,66,11,0,F(5),1830125
x^5 - x^4 - 8*x^3 + 16*x^2 - 7*x + 1,(306)*x^4 + (-1362)*x^3 + (1854)*x^2 + (-738)*x^1 + (96),(306) * (x^4 - 227/51*x^3 + 103/17*x^2 - 41/17*x + 16/51),306,-1362,1854,-738,96,6,0,F(5),162000
x^5 - x^4 - 5*x^3 + 19*x^2 - 7*x + 1,(117)*x^4 + (-1128)*x^3 + (2907)*x^2 + (-1026)*x^1 + (123),(117) * (x^4 - 376/39*x^3 + 323/13*x^2 - 114/13*x + 41/39),117,-1128,2907,-1026,123,3,0,F(5),31608144
x^5 - x^4 + x^2 + 3*x + 1,(-50)*x^4 + (-5)*x^3 + (20)*x^2 + (23)*x^1 + (13),(-50) * (x^4 + 1/10*x^3 - 2/5*x^2 - 23/50*x - 13/50),-50,-5,20,23,13,1,0,F(5),44217
x^5 - x^4 + 7*x^3 + 11*x^2 - 7*x + 1,(201)*x^4 + (1028)*x^3 + (1359)*x^2 + (-918)*x^1 + (131),(201) * (x^4 + 1028/201*x^3 + 453/67*x^2 - 306/67*x + 131/201),201,1028,1359,-918,131,1,0,F(5),5618000
x^5 - x^4 + 12*x^3 - 14*x^2 + 3*x + 1,(556)*x^4 + (-1442)*x^3 + (1154)*x^2 + (-298)*x^1 + (-14),(556) * (x^4 - 721/278*x^3 + 577/278*x^2 - 149/278*x - 7/278),556,-1442,1154,-298,-14,2,0,F(5),9522000
x^5 - x^4 + 17*x^3 + x^2 + 3*x + 1,(1021)*x^4 + (1338)*x^3 + (139)*x^2 + (142)*x^1 + (81),(1021) * (x^4 + 1338/1021*x^3 + 139/1021*x^2 + 142/1021*x + 81/1021),1021,1338,139,142,81,1,0,F(5),157216000
x^5 - 10*x^3 + 20*x + 1,(100)*x^4 + (-25)*x^3 + (-200)*x^2 + (50)*x^1 + (400),(100) * (x^4 - 1/4*x^3 - 2*x^2 + 1/2*x + 4),100,-25,-200,50,400,25,0,F(5),50403125
x^5 + 5*x^3 + 5*x + 1,(25)*x^4 + (-25)*x^3 + (25)*x^2 + (-25)*x^1 + (25),(25) * (x^4 - x^3 + x^2 - x + 1),25,-25,25,-25,25,25,0,F(5),78125
x^5 + 10*x^3 + 20*x + 1,(100)*x^4 + (-25)*x^3 + (200)*x^2 + (-50)*x^1 + (400),(100) * (x^4 - 1/4*x^3 + 2*x^2 - 1/2*x + 4),100,-25,200,-50,400,25,0,F(5),52003125
x^5 + x^4 - 14*x^3 - 6*x^2 + 3*x + 1,(774)*x^4 + (170)*x^3 + (-78)*x^2 + (78)*x^1 + (36),(774) * (x^4 + 85/387*x^3 - 13/129*x^2 + 13/129*x + 2/43),774,170,-78,78,36,2,0,F(5),19120976
x^5 + x^4 - 11*x^3 - 9*x^2 + x + 1,(471)*x^4 + (670)*x^3 + (297)*x^2 + (18)*x^1 + (1),(471) * (x^4 + 670/471*x^3 + 99/157*x^2 + 6/157*x + 1/471),471,670,297,18,1,1,0,F(5),6889792
x^5 + x^4 - 9*x^3 - 11*x^2 + x + 1,(289)*x^4 + (834)*x^3 + (657)*x^2 + (-18)*x^1 + (-17),(289) * (x^4 + 834/289*x^3 + 657/289*x^2 - 18/289*x - 1/17),289,834,657,-18,-17,1,0,F(5),6889792
x^5 + x^4 - 4*x^3 + 20*x^2 - 5*x + 1,(280)*x^4 + (-1038)*x^3 + (3950)*x^2 + (-966)*x^1 + (142),(280) * (x^4 - 519/140*x^3 + 395/28*x^2 - 69/20*x + 71/140),280,-1038,3950,-966,142,2,0,F(5),192944592
x^5 + x^4 + 2*x^3 + 4*x^2 + x + 1,(16)*x^4 + (46)*x^3 + (102)*x^2 + (18)*x^1 + (14),(16) * (x^4 + 23/8*x^3 + 51/8*x^2 + 9/8*x + 7/8),16,46,102,18,14,2,0,F(5),35152
x^5 + x^4 + 4*x^3 + 2*x^2 + x + 1,(42)*x^4 + (2)*x^3 + (-6)*x^2 + (-18)*x^1 + (-4),(42) * (x^4 + 1/21*x^3 - 1/7*x^2 - 3/7*x - 2/21),42,2,-6,-18,-4,2,0,F(5),35152
x^5 + x^4 + 8*x^3 - x^2 + 7*x + 1,(106)*x^4 + (-417)*x^3 + (74)*x^2 + (-321)*x^1 + (13),(106) * (x^4 - 417/106*x^3 + 37/53*x^2 - 321/106*x + 13/106),106,-417,74,-321,13,1,0,F(5),15962337
x^5 + 3*x^4 - 14*x^3 + 12*x^2 - x + 1,(1726)*x^4 + (-4858)*x^3 + (3614)*x^2 + (-242)*x^1 + (256),(1726) * (x^4 - 2429/863*x^3 + 1807/863*x^2 - 121/863*x + 128/863),1726,-4858,3614,-242,256,2,0,F(5),9522000
x^5 + 3*x^4 - 13*x^3 + x^2 + 5*x + 1,(1285)*x^4 + (-2674)*x^3 + (37)*x^2 + (1016)*x^1 + (213),(1285) * (x^4 - 2674/1285*x^3 + 37/1285*x^2 + 1016/1285*x + 213/1285),1285,-2674,37,1016,213,1,0,F(5),2382032
x^5 + 3*x^4 - 10*x^3 - 25*x^2 - 8*x + 1,(601)*x^4 + (1898)*x^3 + (2057)*x^2 + (665)*x^1 + (86),(601) * (x^4 + 1898/601*x^3 + 2057/601*x^2 + 665/601*x + 86/601),601,1898,2057,665,86,1,0,F(5),227381317
x^5 + 3*x^4 - 9*x^3 - 23*x^2 + 9*x + 1,(261)*x^4 + (1262)*x^3 + (1449)*x^2 + (-612)*x^1 + (101),(261) * (x^4 + 1262/261*x^3 + 161/29*x^2 - 68/29*x + 101/261),261,1262,1449,-612,101,1,0,F(5),108578000
x^5 + 3*x^4 - 6*x^3 - 14*x^2 + x + 1,(228)*x^4 + (494)*x^3 + (318)*x^2 + (-6)*x^1 + (30),(228) * (x^4 + 13/6*x^3 + 53/38*x^2 - 1/38*x + 5/38),228,494,318,-6,30,2,0,F(5),19120976
x^5 + 3*x^4 + x^3 - x + 1,(55)*x^4 + (11)*x^3 + (-37)*x^2 + (-29)*x^1 + (16),(55) * (x^4 + 1/5*x^3 - 37/55*x^2 - 29/55*x + 16/55),55,11,-37,-29,16,1,0,F(5),44217
x^5 + 3*x^4 + x^3 + 17*x^2 - x + 1,(361)*x^4 + (62)*x^3 + (2819)*x^2 + (-182)*x^1 + (101),(361) * (x^4 + 62/361*x^3 + 2819/361*x^2 - 182/361*x + 101/361),361,62,2819,-182,101,1,0,F(5),157216000
x^5 + 3*x^4 + 6*x^3 + 2*x^2 + 19*x + 1,(-294)*x^4 + (-568)*x^3 + (-156)*x^2 + (-552)*x^1 + (326),(-294) * (x^4 + 284/147*x^3 + 26/49*x^2 + 92/49*x - 163/147),-294,-568,-156,-552,326,2,0,F(5),640000000
x^5 + 3*x^4 + 6*x^3 + 22*x^2 + 9*x + 1,(216)*x^4 + (902)*x^3 + (3294)*x^2 + (1338)*x^1 + (146),(216) * (x^4 + 451/108*x^3 + 61/4*x^2 + 223/36*x + 73/108),216,902,3294,1338,146,2,0,F(5),5618000
x^5 + 4*x^4 + 2*x^3 + 6*x^2 - 2*x + 1,(286)*x^4 + (143)*x^3 + (484)*x^2 + (-198)*x^1 + (66),(286) * (x^4 + 1/2*x^3 + 22/13*x^2 - 9/13*x + 3/13),286,143,484,-198,66,11,0,F(5),1830125
x^5 + 5*x^4 - 10*x^3 + 10*x^2 - 5*x + 1,(2650)*x^4 + (-4550)*x^3 + (4250)*x^2 + (-2050)*x^1 + (400),(2650) * (x^4 - 91/53*x^3 + 85/53*x^2 - 41/53*x + 8/53),2650,-4550,4250,-2050,400,50,0,F(5),50000
x^5 + 5*x^4 - 20*x^2 - 5*x + 1,(100)*x^4 + (650)*x^3 + (1150)*x^2 + (250)*x^1 + (50),(100) * (x^4 + 13/2*x^3 + 23/2*x^2 + 5/2*x + 1/2),100,650,1150,250,50,50,0,F(5),2450000
x^5 + 5*x^4 + 5*x^2 + 1,(775)*x^4 + (-150)*x^3 + (775)*x^2 + (-25)*x^1 + (150),(775) * (x^4 - 6/31*x^3 + x^2 - 1/31*x + 6/31),775,-150,775,-25,150,25,0,F(5),78125
x^5 + 5*x^4 + x^3 - 13*x^2 + 3*x + 1,(69)*x^4 + (144)*x^3 + (9)*x^2 + (-66)*x^1 + (49),(69) * (x^4 + 48/23*x^3 + 3/23*x^2 - 22/23*x + 49/69),69,144,9,-66,49,1,0,F(5),2382032
x^5 + 5*x^4 + 10*x^3 + 20*x^2 + 5*x + 1,(300)*x^4 + (950)*x^3 + (1950)*x^2 + (450)*x^1 + (50),(300) * (x^4 + 19/6*x^3 + 13/2*x^2 + 3/2*x + 1/6),300,950,1950,450,50,50,0,F(5),42050000
x^5 + 5*x^4 + 10*x^3 + 25*x^2 - 10*x + 1,(675)*x^4 + (1950)*x^3 + (3825)*x^2 + (-1575)*x^1 + (150),(675) * (x^4 + 26/9*x^3 + 17/3*x^2 - 7/3*x + 2/9),675,1950,3825,-1575,150,75,0,F(5),91378125
x^5 + 5*x^4 + 14*x^3 + 18*x^2 - 9*x + 1,(334)*x^4 + (694)*x^3 + (150)*x^2 + (-158)*x^1 + (16),(334) * (x^4 + 347/167*x^3 + 75/167*x^2 - 79/167*x + 8/167),334,694,150,-158,16,2,0,F(5),7909200
x^5 + 5*x^4 + 14*x^3 + 18*x^2 + 17*x + 1,(-56)*x^4 + (-216)*x^3 + (-136)*x^2 + (24)*x^1 + (224),(-56) * (x^4 + 27/7*x^3 + 17/7*x^2 - 3/7*x - 4),-56,-216,-136,24,224,8,0,F(5),8998912
x^5 + 5*x^4 + 15*x^3 + 25*x^2 + 25*x + 1,(25)*x^4 + (350)*x^3 + (925)*x^2 + (1150)*x^1 + (575),(25) * (x^4 + 14*x^3 + 37*x^2 + 46*x + 23),25,350,925,1150,575,25,0,F(5),33800000
x^5 + 5*x^4 + 20*x^3 + 10*x^2 + 5*x + 1,(-50)*x^4 + (-3550)*x^3 + (-1950)*x^2 + (-1050)*x^1 + (-200),(-50) * (x^4 + 71*x^3 + 39*x^2 + 21*x + 4),-50,-3550,-1950,-1050,-200,50,0,F(5),42050000
x^5 + 6*x^4 + 6*x^3 - 11*x^2 - 8*x + 1,(84)*x^4 + (347)*x^3 + (447)*x^2 + (150)*x^1 + (81),(84) * (x^4 + 347/84*x^3 + 149/28*x^2 + 25/14*x + 27/28),84,347,447,150,81,1,0,F(5),6725897
x^5 + 6*x^4 + 23*x^3 + 23*x^2 + 9*x + 1,(-35)*x^4 + (-2611)*x^3 + (-3174)*x^2 + (-1312)*x^1 + (-140),(-35) * (x^4 + 373/5*x^3 + 3174/35*x^2 + 1312/35*x + 4),-35,-2611,-3174,-1312,-140,1,0,F(5),3581577
x^5 + 7*x^4 - 8*x^3 + 12*x^2 + 7*x + 1,(5016)*x^4 + (-6644)*x^3 + (7596)*x^2 + (4716)*x^1 + (676),(5016) * (x^4 - 151/114*x^3 + 633/418*x^2 + 393/418*x + 169/1254),5016,-6644,7596,4716,676,4,0,F(5),157216000
x^5 + 7*x^4 - x^3 + 8*x^2 + x + 1,(2971)*x^4 + (-933)*x^3 + (3389)*x^2 + (399)*x^1 + (412),(2971) * (x^4 - 933/2971*x^3 + 3389/2971*x^2 + 399/2971*x + 412/2971),2971,-933,3389,399,412,1,0,F(5),15962337
x^5 + 7*x^4 + 12*x^3 - 8*x^2 + 7*x + 1,(-404)*x^4 + (-1044)*x^3 + (156)*x^2 + (-564)*x^1 + (16),(-404) * (x^4 + 261/101*x^3 - 39/101*x^2 + 141/101*x - 4/101),-404,-1044,156,-564,16,4,0,F(5),157216000
x^5 + 7*x^4 + 16*x^3 - 10*x^2 + 15*x + 1,(-1140)*x^4 + (-3870)*x^3 + (1350)*x^2 + (-3054)*x^1 + (70),(-1140) * (x^4 + 129/38*x^3 - 45/38*x^2 + 509/190*x - 7/114),-1140,-3870,1350,-3054,70,2,0,F(5),5583176272
x^5 + 7*x^4 + 23*x^3 - x^2 + 13*x + 1,(-1355)*x^4 + (-7812)*x^3 + (-133)*x^2 + (-4194)*x^1 + (-137),(-1355) * (x^4 + 7812/1355*x^3 + 133/1355*x^2 + 4194/1355*x + 137/1355),-1355,-7812,-133,-4194,-137,1,0,F(5),6710321232
x^5 + 8*x^4 + 12*x^3 - 18*x^2 - 6*x + 1,(58)*x^4 + (407)*x^3 + (804)*x^2 + (80)*x^1 + (74),(58) * (x^4 + 407/58*x^3 + 402/29*x^2 + 40/29*x + 37/29),58,407,804,80,74,1,0,F(5),11122069
x^5 + 8*x^4 + 15*x^3 - 5*x^2 - 3*x + 1,(1)*x^4 + (43)*x^3 + (92)*x^2 + (-100)*x^1 + (16),x^4 + 43*x^3 + 92*x^2 - 100*x + 16,1,43,92,-100,16,1,0,F(5),44217
x^5 + 8*x^4 + 16*x^3 + 2*x^2 + 14*x + 1,(-114)*x^4 + (-553)*x^3 + (-756)*x^2 + (108)*x^1 + (206),(-114) * (x^4 + 553/114*x^3 + 126/19*x^2 - 18/19*x - 103/57),-114,-553,-756,108,206,1,0,F(5),106953125
x^5 + 9*x^4 - 23*x^3 - 9*x^2 + 3*x + 1,(17461)*x^4 + (-32812)*x^3 + (-13731)*x^2 + (4462)*x^1 + (1521),(17461) * (x^4 - 32812/17461*x^3 - 13731/17461*x^2 + 4462/17461*x + 1521/17461),17461,-32812,-13731,4462,1521,1,0,F(5),108578000
x^5 + 9*x^4 - 23*x^3 + 21*x^2 - 7*x + 1,(19231)*x^4 + (-42892)*x^3 + (37259)*x^2 + (-12188)*x^1 + (1711),(19231) * (x^4 - 42892/19231*x^3 + 37259/19231*x^2 - 12188/19231*x + 1711/19231),19231,-42892,37259,-12188,1711,1,0,F(5),9522000
x^5 + 9*x^4 + 17*x^3 - 9*x^2 - 7*x + 1,(451)*x^4 + (1298)*x^3 + (-11)*x^2 + (-418)*x^1 + (121),(451) * (x^4 + 118/41*x^3 - 1/41*x^2 - 38/41*x + 11/41),451,1298,-11,-418,121,11,0,F(5),117128000
x^5 + 9*x^4 + 19*x^3 - 9*x^2 - 15*x + 1,(49)*x^4 + (452)*x^3 + (1119)*x^2 + (364)*x^1 + (225),(49) * (x^4 + 452/49*x^3 + 1119/49*x^2 + 52/7*x + 225/49),49,452,1119,364,225,1,0,F(5),2382032
x^5 + 9*x^4 + 22*x^3 + 6*x^2 + 3*x + 1,(-134)*x^4 + (-502)*x^3 + (-366)*x^2 + (-218)*x^1 + (-24),(-134) * (x^4 + 251/67*x^3 + 183/67*x^2 + 109/67*x + 12/67),-134,-502,-366,-218,-24,2,0,F(5),5618000
x^5 + 9*x^4 + 23*x^3 + 23*x^2 + 6*x + 1,(514)*x^4 + (1805)*x^3 + (2001)*x^2 + (452)*x^1 + (52),(514) * (x^4 + 1805/514*x^3 + 2001/514*x^2 + 226/257*x + 26/257),514,1805,2001,452,52,1,0,F(5),3581577
x^5 + 13*x^4 - x^3 + 23*x^2 + 7*x + 1,(31099)*x^4 + (-7074)*x^3 + (55103)*x^2 + (17028)*x^1 + (2413),(31099) * (x^4 - 7074/31099*x^3 + 55103/31099*x^2 + 17028/31099*x + 2413/31099),31099,-7074,55103,17028,2413,1,0,F(5),6710321232
x^5 + 13*x^4 + 22*x^3 + 6*x^2 - 5*x + 1,(12450)*x^4 + (24166)*x^3 + (7182)*x^2 + (-5814)*x^1 + (1108),(12450) * (x^4 + 12083/6225*x^3 + 1197/2075*x^2 - 969/2075*x + 554/6225),12450,24166,7182,-5814,1108,2,0,F(5),84399952
x^5 + 14*x^4 - 15*x^3 + 19*x^2 - 3*x + 1,(55657)*x^4 + (-60635)*x^3 + (71768)*x^2 + (-11386)*x^1 + (3688),(55657) * (x^4 - 60635/55657*x^3 + 71768/55657*x^2 - 11386/55657*x + 3688/55657),55657,-60635,71768,-11386,3688,1,0,F(5),2318783697
x^5 + 14*x^4 + 2*x^3 + 16*x^2 + 8*x + 1,(37696)*x^4 + (1703)*x^3 + (42654)*x^2 + (22002)*x^1 + (2776),(37696) * (x^4 + 1703/37696*x^3 + 21327/18848*x^2 + 579/992*x + 347/4712),37696,1703,42654,22002,2776,1,0,F(5),106953125
x^5 + 15*x^4 - 10*x^3 + 16*x^2 + 7*x + 1,(63610)*x^4 + (-46030)*x^3 + (64034)*x^2 + (28658)*x^1 + (4104),(63610) * (x^4 - 4603/6361*x^3 + 32017/31805*x^2 + 14329/31805*x + 2052/31805),63610,-46030,64034,28658,4104,2,0,F(5),5583176272
x^5 + 17*x^4 - 8*x^3 + 2*x^2 - 3*x + 1,(95586)*x^4 + (-44094)*x^3 + (11586)*x^2 + (-16674)*x^1 + (5476),(95586) * (x^4 - 7349/15931*x^3 + 1931/15931*x^2 - 2779/15931*x + 2738/47793),95586,-44094,11586,-16674,5476,2,0,F(5),23762000
x^5 + 17*x^4 + 12*x^3 + 22*x^2 - 3*x + 1,(69046)*x^4 + (46306)*x^3 + (95066)*x^2 + (-13234)*x^1 + (4216),(69046) * (x^4 + 23153/34523*x^3 + 47533/34523*x^2 - 6617/34523*x + 2108/34523),69046,46306,95066,-13234,4216,2,0,F(5),17111250000
x^5 + 17*x^4 + 18*x^3 + 14*x^2 + 5*x + 1,(60160)*x^4 + (64760)*x^3 + (51800)*x^2 + (18696)*x^1 + (3784),(60160) * (x^4 + 1619/1504*x^3 + 1295/1504*x^2 + 2337/7520*x + 473/7520),60160,64760,51800,18696,3784,8,0,F(5),8998912
x^5 + 19*x^4 - 25*x^3 + 11*x^2 - 3*x + 1,(179245)*x^4 + (-225872)*x^3 + (98311)*x^2 + (-26810)*x^1 + (8823),(179245) * (x^4 - 225872/179245*x^3 + 98311/179245*x^2 - 5362/35849*x + 8823/179245),179245,-225872,98311,-26810,8823,1,0,F(5),130800592
x^5 + 19*x^4 + 2*x^3 + 6*x^2 + 3*x + 1,(127366)*x^4 + (10968)*x^3 + (39204)*x^2 + (19912)*x^1 + (6746),(127366) * (x^4 + 5484/63683*x^3 + 19602/63683*x^2 + 9956/63683*x + 3373/63683),127366,10968,39204,19912,6746,2,0,F(5),640000000
x^5 + 20*x^4 - 10*x^2 + 1,(158800)*x^4 + (3975)*x^3 + (-79400)*x^2 + (-400)*x^1 + (7950),(158800) * (x^4 + 159/6352*x^3 - 1/2*x^2 - 1/397*x + 159/3176),158800,3975,-79400,-400,7950,25,0,F(5),50403125
x^5 + 20*x^4 + 10*x^2 + 1,(161200)*x^4 + (-4025)*x^3 + (80600)*x^2 + (-400)*x^1 + (8050),(161200) * (x^4 - 161/6448*x^3 + 1/2*x^2 - 1/403*x + 161/3224),161200,-4025,80600,-400,8050,25,0,F(5),52003125
x^5 + 23*x^4 + 2*x^3 + 2*x^2 - 3*x + 1,(274888)*x^4 + (23414)*x^3 + (25238)*x^2 + (-36542)*x^1 + (12002),(274888) * (x^4 + 11707/137444*x^3 + 12619/137444*x^2 - 18271/137444*x + 6001/137444),274888,23414,25238,-36542,12002,2,0,F(5),1908366928
x^5 + 25*x^4 - 25*x^3 + 15*x^2 - 5*x + 1,(473575)*x^4 + (-466150)*x^3 + (276775)*x^2 + (-91800)*x^1 + (18225),(473575) * (x^4 - 18646/18943*x^3 + 11071/18943*x^2 - 3672/18943*x + 729/18943),473575,-466150,276775,-91800,18225,25,0,F(5),68450000
x^5 + 25*x^4 + 25*x^3 + 15*x^2 + 5*x + 1,(317175)*x^4 + (322350)*x^3 + (195525)*x^2 + (65550)*x^1 + (13225),(317175) * (x^4 + 4298/4229*x^3 + 2607/4229*x^2 + 874/4229*x + 529/12687),317175,322350,195525,65550,13225,25,0,F(5),33800000
